question,category,expected_answer,model_answer,said_dont_know,sources,system
What is the minimum salary threshold under Option A for a Skilled Worker visa?,answerable,"£41,700 per year","The minimum salary required under Option A is **£41,700 per year** (in addition to meeting the SOC 2020 going‑rate requirement).",False,data/rulebook/skilled_worker_appendix.txt; data/rulebook/skilled_worker_appendix.txt; data/rulebook/skilled_worker_appendix.txt; data/rulebook/skilled_worker_appendix.txt; data/rulebook/skilled_worker_appendix.txt,baseline
What is the minimum salary threshold under Option D (Immigration Salary List) for a Skilled Worker?,answerable,"£33,400 per year, plus the going rate for the occupation","The minimum salary is **£33,400 per year** (in addition to meeting the relevant SOC 2020 going rate).",False,data/rulebook/skilled_worker_appendix.txt; data/rulebook/skilled_worker_appendix.txt; data/rulebook/skilled_worker_appendix.txt; data/rulebook/skilled_worker_appendix.txt; data/rulebook/skilled_worker_appendix.txt,baseline
What is the minimum salary threshold under Option K for health or education occupations?,answerable,"£25,000 per year, plus the going rate","The minimum salary threshold for Option K is **£25,000 per year** (in addition to meeting the SOC 2020 going‑rate requirement).",False,data/rulebook/skilled_worker_appendix.txt; data/rulebook/skilled_worker_appendix.txt; data/rulebook/skilled_worker_appendix.txt; data/rulebook/skilled_worker_appendix.txt; data/rulebook/skilled_worker_appendix.txt,baseline
How many total points must a Skilled Worker applicant be awarded?,answerable,50 points,A Skilled Worker applicant must be awarded a total of **50 points**.,False,data/rulebook/skilled_worker_appendix.txt; data/rulebook/skilled_worker_appendix.txt; data/rulebook/skilled_worker_appendix.txt; data/rulebook/skilled_worker_appendix.txt; data/rulebook/graduate_appendix.txt,baseline
How many mandatory points are awarded for sponsorship?,answerable,20 points,20 mandatory points are awarded for sponsorship.,False,data/rulebook/skilled_worker_appendix.txt; data/rulebook/skilled_worker_appendix.txt; data/rulebook/skilled_worker_appendix.txt; data/rulebook/skilled_worker_appendix.txt; data/rulebook/skilled_worker_appendix.txt,baseline
What English language level is required for a Skilled Worker applicant?,answerable,Level B2 (or B1 in certain continuing cases),"A Skilled Worker must meet the English language requirement at **CEFR level B2** (all four components). If the applicant’s most recent permission was already as a Skilled Worker and was granted on a B1 requirement, a **B1** level is acceptable.",False,data/rulebook/skilled_worker_appendix.txt; data/rulebook/skilled_worker_appendix.txt; data/rulebook/skilled_worker_appendix.txt; data/rulebook/skilled_worker_appendix.txt; data/rulebook/skilled_worker_appendix.txt,baseline
How many points are awarded for meeting the English language requirement?,answerable,10 points,10 mandatory points are awarded for meeting the English language requirement.,False,data/rulebook/skilled_worker_appendix.txt; data/rulebook/skilled_worker_appendix.txt; data/rulebook/skilled_worker_appendix.txt; data/rulebook/graduate_appendix.txt; data/rulebook/skilled_worker_appendix.txt,baseline
How far in advance of the application date must a Certificate of Sponsorship be issued?,answerable,No more than 3 months (90 days) before the date of application,A Certificate of Sponsorship must be issued no more than 3 months (90 days) before the applicant’s date of application.,False,data/rulebook/skilled_worker_appendix.txt; data/rulebook/skilled_worker_appendix.txt; data/rulebook/skilled_worker_appendix.txt; data/rulebook/skilled_worker_appendix.txt; data/rulebook/skilled_worker_appendix.txt,baseline
What is the minimum age for a Skilled Worker applicant?,answerable,18 years old on the date of application,The minimum age is 18 years old.,False,data/rulebook/skilled_worker_appendix.txt; data/rulebook/skilled_worker_appendix.txt; data/rulebook/skilled_worker_appendix.txt; data/rulebook/skilled_worker_appendix.txt; data/rulebook/skilled_worker_appendix.txt,baseline
What sponsor rating is required for a Skilled Worker sponsor?,answerable,A-rated (unless continuing with the same sponsor as their last permission),An A‑rated sponsor is required (except when the applicant is simply continuing with the same sponsor from a previous Skilled‑Worker permission).,False,data/rulebook/skilled_worker_appendix.txt; data/rulebook/skilled_worker_appendix.txt; data/rulebook/skilled_worker_appendix.txt; data/rulebook/skilled_worker_appendix.txt; data/rulebook/skilled_worker_appendix.txt,baseline
"If a Skilled Worker applicant works more than 48 hours a week, how is their salary calculated for threshold purposes?",answerable,Only the salary for the first 48 hours a week counts toward the salary threshold,"Only the pay for the first 48 hours a week counts toward the salary‑threshold calculation. If the worker’s pattern includes weeks over 48 hours, the sponsor must average the hours over a regular cycle (up to 17 weeks) so that the average does not exceed 48 hours/week; the salary is then calculated on that 48‑hour average (e.g., 60 hrs @ £15 → £15 × 48 × 52 = £37,440).",False,data/rulebook/skilled_worker_appendix.txt; data/rulebook/skilled_worker_appendix.txt; data/rulebook/skilled_worker_appendix.txt; data/rulebook/skilled_worker_appendix.txt; data/rulebook/skilled_worker_appendix.txt,baseline
Does salary for Skilled Worker purposes include overtime or bonus pay?,answerable,"No — additional pay such as shift, overtime, or bonus pay does not count, whether or not guaranteed","No. For Skilled Worker salary calculations only guaranteed basic gross pay (and other guaranteed payments treated the same for tax, pension and NI) are counted. Pay that isn’t guaranteed—such as overtime or bonuses—does not form part of the salary.",False,data/rulebook/skilled_worker_appendix.txt; data/rulebook/skilled_worker_appendix.txt; data/rulebook/skilled_worker_appendix.txt; data/rulebook/skilled_worker_appendix.txt; data/rulebook/skilled_worker_appendix.txt,baseline
Does salary for Skilled Worker purposes include employer pension contributions?,answerable,No — employer pension and employer National Insurance contributions do not count,"Yes. For Skilled Worker purposes, salary includes the employee’s pension contributions (i.e., employer‑paid pension contributions).",False,data/rulebook/skilled_worker_appendix.txt; data/rulebook/skilled_worker_appendix.txt; data/rulebook/skilled_worker_appendix.txt; data/rulebook/skilled_worker_appendix.txt; data/rulebook/skilled_worker_appendix.txt,baseline
Does salary for Skilled Worker purposes include accommodation allowances?,answerable,No — allowances such as accommodation or cost of living allowances do not count,"Yes – under the transitional rules (for applications before 1 December 2026) the salary figure can include allowances such as accommodation allowances, provided the other restrictions in SW 14.20 are met. Otherwise, accommodation allowances are not counted as salary.",False,data/rulebook/skilled_worker_appendix.txt; data/rulebook/skilled_worker_appendix.txt; data/rulebook/skilled_worker_appendix.txt; data/rulebook/skilled_worker_appendix.txt; data/rulebook/skilled_worker_appendix.txt,baseline
What is the minimum amount of personal funds a Skilled Worker applicant must show if not certified by their sponsor?,answerable,"At least £1,270","The applicant must have at least £1,270 in personal funds.",False,data/rulebook/skilled_worker_appendix.txt; data/rulebook/skilled_worker_appendix.txt; data/rulebook/skilled_worker_appendix.txt; data/rulebook/skilled_worker_appendix.txt; data/rulebook/skilled_worker_appendix.txt,baseline
"For how long must a Skilled Worker applicant have held the required funds, if relying on personal savings?",answerable,A 28-day period,A Skilled Worker applicant must have held the required funds for **28 days**.,False,data/rulebook/skilled_worker_appendix.txt; data/rulebook/skilled_worker_appendix.txt; data/rulebook/skilled_worker_appendix.txt; data/rulebook/skilled_worker_appendix.txt; data/rulebook/skilled_worker_appendix.txt,baseline
What is the maximum period a Skilled Worker's certificate of sponsorship can run for?,answerable,Up to a maximum of 5 years after the start date,The certificate of sponsorship can be valid for up to **5 years** from its start date.,False,data/rulebook/skilled_worker_appendix.txt; data/rulebook/skilled_worker_appendix.txt; data/rulebook/skilled_worker_appendix.txt; data/rulebook/skilled_worker_appendix.txt; data/rulebook/skilled_worker_appendix.txt,baseline
How many years of continuous residence are required for settlement as a Skilled Worker?,answerable,5 years,5 years of continuous residence are required.,False,data/rulebook/skilled_worker_appendix.txt; data/rulebook/skilled_worker_appendix.txt; data/rulebook/skilled_worker_appendix.txt; data/rulebook/skilled_worker_appendix.txt; data/rulebook/skilled_worker_appendix.txt,baseline
Does the Skilled Worker route lead to settlement?,answerable,Yes — after 5 years,Yes. The Skilled Worker route is a pathway that leads to settlement in the UK.,False,data/rulebook/skilled_worker_appendix.txt; data/rulebook/skilled_worker_appendix.txt; data/rulebook/skilled_worker_appendix.txt; data/rulebook/skilled_worker_appendix.txt; data/rulebook/skilled_worker_appendix.txt,baseline
What is the minimum amount of funds required for a dependent partner of a Skilled Worker?,answerable,£285,The minimum amount required is **£285** for a dependent partner.,False,data/rulebook/skilled_worker_appendix.txt; data/rulebook/skilled_worker_appendix.txt; data/rulebook/skilled_worker_appendix.txt; data/rulebook/skilled_worker_appendix.txt; data/rulebook/skilled_worker_appendix.txt,baseline
What is the minimum amount of funds required for the first dependent child of a Skilled Worker?,answerable,£315,The minimum amount required is **£315** for the first dependent child.,False,data/rulebook/skilled_worker_appendix.txt; data/rulebook/skilled_worker_appendix.txt; data/rulebook/skilled_worker_appendix.txt; data/rulebook/skilled_worker_appendix.txt; data/rulebook/skilled_worker_appendix.txt,baseline
How many points must a Graduate route applicant be awarded?,answerable,"70 points, all from the successful course completion requirement",A Graduate route applicant must be awarded **all 70 points**.,False,data/rulebook/graduate_appendix.txt; data/rulebook/graduate_appendix.txt; data/rulebook/graduate_appendix.txt; data/rulebook/skilled_worker_appendix.txt; data/rulebook/graduate_appendix.txt,baseline
Does the Graduate route require a sponsor?,answerable,No — the Graduate route is unsponsored,No. The Graduate route is an unsponsored route.,False,data/rulebook/graduate_appendix.txt; data/rulebook/graduate_appendix.txt; data/rulebook/graduate_appendix.txt; data/rulebook/graduate_appendix.txt; data/rulebook/graduate_appendix.txt,baseline
Is the Graduate route a route to settlement?,answerable,No — the Graduate route is not a route to settlement,No. The Graduate route is not a route to settlement.,False,data/rulebook/graduate_appendix.txt; data/rulebook/skilled_worker_appendix.txt; data/rulebook/graduate_appendix.txt; data/rulebook/graduate_appendix.txt; data/rulebook/graduate_appendix.txt,baseline
How long is permission granted for a Graduate route applicant with a PhD or other doctoral qualification?,answerable,3 years,The permission is granted for **3 years**.,False,data/rulebook/graduate_appendix.txt; data/rulebook/graduate_appendix.txt; data/rulebook/graduate_appendix.txt; data/rulebook/skilled_worker_appendix.txt; data/rulebook/graduate_appendix.txt,baseline
How long is permission granted for a bachelor's or master's degree graduate applying before 1 January 2027?,answerable,2 years,The permission is granted for **2 years**.,False,data/rulebook/graduate_appendix.txt; data/rulebook/graduate_appendix.txt; data/rulebook/skilled_worker_appendix.txt; data/rulebook/skilled_worker_appendix.txt; data/rulebook/skilled_worker_appendix.txt,baseline
How long is permission granted for a bachelor's or master's degree graduate applying on or after 1 January 2027?,answerable,18 months,The permission is granted for **18 months**.,False,data/rulebook/graduate_appendix.txt; data/rulebook/skilled_worker_appendix.txt; data/rulebook/skilled_worker_appendix.txt; data/rulebook/graduate_appendix.txt; data/rulebook/skilled_worker_appendix.txt,baseline
"For a Graduate route course longer than 12 months, what is the minimum period of Student permission that must have been spent studying in the UK?",answerable,At least 12 months,At least 12 months of Student permission must have been spent studying in the UK.,False,data/rulebook/graduate_appendix.txt; data/rulebook/graduate_appendix.txt; data/rulebook/skilled_worker_appendix.txt; data/rulebook/graduate_appendix.txt; data/rulebook/graduate_appendix.txt,baseline
"Is the salary threshold the same for every Skilled Worker applicant, or does it depend on their circumstances?",synthesis,"It depends on circumstances — options A through K each have different thresholds (e.g. £41,700 for Option A, £33,400 for Options B/D, £25,000 for Option K), not one flat number","The salary threshold is not the same for every Skilled Worker applicant. It varies according to the applicant’s specific circumstances—such as the SOC 2020 occupation code, the relevant “going rate” tables, the applicable row in the salary tables, and any pro‑rating for part‑time or overtime work. Only when an applicant meets the particular requirements for their situation (e.g., the £41,700 threshold or the appropriate going‑rate figure) can the points be awarded.",False,data/rulebook/skilled_worker_appendix.txt; data/rulebook/skilled_worker_appendix.txt; data/rulebook/skilled_worker_appendix.txt; data/rulebook/skilled_worker_appendix.txt; data/rulebook/skilled_worker_appendix.txt,baseline
"If a Skilled Worker is being sponsored for a job on the Immigration Salary List, what salary applies?",synthesis,"At least £33,400 per year AND the going rate for the occupation (Option D)","The salary that must be offered is the one set out in the Immigration Salary List for that specific occupation and the UK nation where the job is based. In other words, the sponsor must meet the minimum salary level recorded in the Immigration Salary List for the relevant SOC 2020 code and location.",False,data/rulebook/skilled_worker_appendix.txt; data/rulebook/skilled_worker_appendix.txt; data/rulebook/skilled_worker_appendix.txt; data/rulebook/skilled_worker_appendix.txt; data/rulebook/skilled_worker_appendix.txt,baseline
"How is a Skilled Worker's required salary adjusted if they work part-time, e.g. 30 hours a week instead of 37.5?",synthesis,The going rate is pro-rated: going rate × (weekly hours ÷ 37.5),"The salary requirement is applied on a **pro‑rata** basis.  
You take the full‑time threshold (the amount required for a 37.5‑hour week) and scale it to the actual average weekly hours the worker will do.

**Formula**

\[
\text{Required annual salary for part‑time} =
\text{Full‑time threshold} \times \frac{\text{average weekly hours}}{37.5}
\]

So, for a 30‑hour‑per‑week role:

\[
\text{Required salary} = \text{Full‑time threshold} \times \frac{30}{37.5}
\]

In practice you can also calculate it directly as:

\[
\text{Required salary} = \text{Hourly rate} \times 30 \times 52
\]

provided the resulting annual figure meets the pro‑rated amount above. This ensures the salary meets the same proportion of the minimum as a full‑time worker would.",False,data/rulebook/skilled_worker_appendix.txt; data/rulebook/skilled_worker_appendix.txt; data/rulebook/skilled_worker_appendix.txt; data/rulebook/skilled_worker_appendix.txt; data/rulebook/skilled_worker_appendix.txt,baseline
Does a new entrant Skilled Worker under Option E need to meet the same salary threshold as an experienced worker under Option A?,synthesis,"No — Option E requires at least £33,400 and 70% of the going rate, lower than Option A's £41,700 and full going rate","No. Option E only requires the applicant to meet the going‑rate salary for the SOC 2020 occupation (as set out in Table 1 or 1a), whereas Option A also requires the salary to be at least £41,700 per year in addition to the going rate.",False,data/rulebook/skilled_worker_appendix.txt; data/rulebook/skilled_worker_appendix.txt; data/rulebook/skilled_worker_appendix.txt; data/rulebook/skilled_worker_appendix.txt; data/rulebook/skilled_worker_appendix.txt,baseline
"If a Skilled Worker applicant has a relevant PhD in a STEM subject, what salary do they need compared to someone without a PhD?",synthesis,"A lower salary — at least £33,400 and 80% of the going rate (Option C), versus £41,700 and full going rate without a PhD (Option A)","A Skilled Worker with a relevant PhD in a STEM subject must earn **at least £33,400 per year (and at least 80 % of the SOC 2020 going rate)**.  

By contrast, an applicant without a PhD must meet the lower threshold of **£31,300 per year (and the full going‑rate salary)**.",False,data/rulebook/skilled_worker_appendix.txt; data/rulebook/skilled_worker_appendix.txt; data/rulebook/skilled_worker_appendix.txt; data/rulebook/skilled_worker_appendix.txt; data/rulebook/skilled_worker_appendix.txt,baseline
Does a Skilled Worker applying for settlement need to meet the same salary threshold as when they first applied?,synthesis,"Not necessarily the same figure — settlement has its own salary table (SW 24.3) with thresholds from £25,000 to £41,700 depending on circumstances, which may differ from the original application thresholds",I don’t know.,False,data/rulebook/skilled_worker_appendix.txt; data/rulebook/skilled_worker_appendix.txt; data/rulebook/skilled_worker_appendix.txt; data/rulebook/skilled_worker_appendix.txt; data/rulebook/skilled_worker_appendix.txt,baseline
"If a Skilled Worker is sponsored for a job requiring a criminal record certificate, does this requirement also apply to their dependent partner?",synthesis,"Yes, if the Skilled Worker is sponsored in one of the listed SOC codes, the dependent partner applying for entry clearance must also provide a criminal record certificate","Yes. If the Skilled Worker’s job requires a criminal‑record certificate, the same requirement also applies to their dependent partner—unless the partner can give a satisfactory explanation showing that obtaining the certificate is not reasonably practicable (as set out in SW 34.2).",False,data/rulebook/skilled_worker_appendix.txt; data/rulebook/skilled_worker_appendix.txt; data/rulebook/skilled_worker_appendix.txt; data/rulebook/skilled_worker_appendix.txt; data/rulebook/skilled_worker_appendix.txt,baseline
"Do both a Skilled Worker and their dependent partner need to independently meet the financial requirement, or can funds be combined?",synthesis,"Funds can be held collectively by the applicant, the Skilled Worker, and (for a dependent child) their parent — they don't need to be independently met","The sponsor (the A‑rated employer) must certify that they have enough funds to meet the minimum amount for the Skilled Worker **and** the additional amount for any dependent partner or child. The requirement isn’t that each person must hold separate funds; the sponsor can use a single pool of money, provided it covers the worker’s requirement plus the £285 (or other applicable amount) for the dependent.",False,data/rulebook/skilled_worker_appendix.txt; data/rulebook/skilled_worker_appendix.txt; data/rulebook/skilled_worker_appendix.txt; data/rulebook/skilled_worker_appendix.txt; data/rulebook/skilled_worker_appendix.txt,baseline
How does the settlement salary requirement differ for someone on the Immigration Salary List compared to someone in a health or education occupation?,synthesis,"Immigration Salary List (row B): £33,400 minimum; health/education occupation in Table 3 (row D): £25,000 minimum — different thresholds","Both routes require the same minimum salary – at least £25,000 per year. The only distinction is the way the occupation is identified (either on the Immigration Salary List or via a health/education SOC code in Table 3), but the settlement salary threshold does not change.",False,data/rulebook/skilled_worker_appendix.txt; data/rulebook/skilled_worker_appendix.txt; data/rulebook/skilled_worker_appendix.txt; data/rulebook/skilled_worker_appendix.txt; data/rulebook/skilled_worker_appendix.txt,baseline
Would someone who completed a PGCE qualify for the Graduate route in the same way as someone with a bachelor's degree?,synthesis,"Yes — a PGCE is listed as a relevant qualification for the Graduate route qualification requirement, alongside bachelor's and postgraduate degrees","Yes. A Postgraduate Certificate in Education (PGCE) is listed among the qualifying qualifications for the Graduate route, just like a UK bachelor’s degree.",False,data/rulebook/graduate_appendix.txt; data/rulebook/skilled_worker_appendix.txt; data/rulebook/graduate_appendix.txt; data/rulebook/skilled_worker_appendix.txt; data/rulebook/graduate_appendix.txt,baseline
"If a Graduate route applicant's course was renamed by their sponsor but the content stayed the same, does this affect their eligibility?",synthesis,"No — this does not prevent them meeting the qualification requirement, as long as the course content remained the same",No. A course name change by the sponsor that leaves the content unchanged does not prevent the applicant from meeting the Graduate route qualification requirement.,False,data/rulebook/graduate_appendix.txt; data/rulebook/graduate_appendix.txt; data/rulebook/graduate_appendix.txt; data/rulebook/skilled_worker_appendix.txt; data/rulebook/graduate_appendix.txt,baseline
Can a dependent child of a Graduate route applicant who was born in the UK qualify as a dependant even if they weren't previously a Student dependant?,synthesis,Yes — a child born in the UK to a Graduate who holds existing Graduate route permission can qualify,"Yes – a child who was born in the UK while the parent’s Student permission was in force can be treated as a dependent on the Graduate route even if they have never previously held Student‑dependent status. The child must have been born in the UK during the parent’s last Student grant, and the parent must now have (or be applying for) Graduate‑route permission. If those conditions aren’t met, the child cannot qualify as a dependent.",False,data/rulebook/graduate_appendix.txt; data/rulebook/graduate_appendix.txt; data/rulebook/graduate_appendix.txt; data/rulebook/graduate_appendix.txt; data/rulebook/skilled_worker_appendix.txt,baseline
Is the salary threshold calculation method (e.g. pro-rating for part-time work) the same for the Skilled Worker and Graduate routes?,synthesis,"Not comparable — the Graduate route has no salary threshold at all, so pro-rating rules under SW 14 don't apply to it",I don’t know.,False,data/rulebook/skilled_worker_appendix.txt; data/rulebook/skilled_worker_appendix.txt; data/rulebook/skilled_worker_appendix.txt; data/rulebook/skilled_worker_appendix.txt; data/rulebook/skilled_worker_appendix.txt,baseline
"If someone was previously a Tier 2 (General) Migrant sponsored in a specific SOC 2010 code, could transitional salary arrangements affect their current threshold?",synthesis,"Yes — if certain conditions are met (continuous sponsorship in the code, application before 1 December 2026), different going rates from the transitional table apply instead of the standard going rates","Yes. If the person’s previous Tier 2 (General) permission was for a job in one of the listed SOC 2010 codes, the transitional arrangements in SW 14.5 can apply. When the conditions in (a) (same sponsor, guaranteed allowances, etc.) are met, the salary threshold can be calculated using the transitional points (e.g., options D or I), which may differ from the standard threshold.",False,data/rulebook/skilled_worker_appendix.txt; data/rulebook/skilled_worker_appendix.txt; data/rulebook/skilled_worker_appendix.txt; data/rulebook/skilled_worker_appendix.txt; data/rulebook/skilled_worker_appendix.txt,baseline
"Does a Skilled Worker applicant who has been in the UK for over 12 months need to show £1,270 in funds?",synthesis,"No — if applying for permission to stay and has been in the UK with permission for 12+ months, they automatically meet the financial requirement without needing to show funds","No. If the applicant has been in the UK with permission for 12 months or more, they meet the financial requirement and do not need to show the £1,270.",False,data/rulebook/skilled_worker_appendix.txt; data/rulebook/skilled_worker_appendix.txt; data/rulebook/skilled_worker_appendix.txt; data/rulebook/skilled_worker_appendix.txt; data/rulebook/skilled_worker_appendix.txt,baseline
Can a dependent partner of a Skilled Worker be granted permission for longer than the Skilled Worker's own permission?,synthesis,"Only in specific cases — a partner gets permission ending with the Skilled Worker's permission, unless the Skilled Worker is granted settlement, in which case the partner gets 3 years","Generally, no—the dependent partner’s permission ends on the same date as the Skilled Worker’s permission (SW 36.1 (a)). The only exception is when the Skilled Worker is being granted settlement; in that case the partner is given a 3‑year permission (SW 36.1 (b)), which can be longer than the Skilled Worker’s current time‑limited permission.",False,data/rulebook/skilled_worker_appendix.txt; data/rulebook/skilled_worker_appendix.txt; data/rulebook/skilled_worker_appendix.txt; data/rulebook/skilled_worker_appendix.txt; data/rulebook/skilled_worker_appendix.txt,baseline
"If a Graduate route dependent partner's Graduate-route partner gets settlement on a different route later, does their permission automatically extend?",synthesis,Not addressed this way — a Graduate route dependent partner's permission ends on the same date as the Graduate's permission; the Graduate route itself doesn't lead to settlement,I don’t know.,False,data/rulebook/graduate_appendix.txt; data/rulebook/graduate_appendix.txt; data/rulebook/graduate_appendix.txt; data/rulebook/graduate_appendix.txt; data/rulebook/skilled_worker_appendix.txt,baseline
Would a Skilled Worker sponsored in a listed health occupation and a Skilled Worker sponsored in a non-listed occupation have the same criminal record certificate requirement?,synthesis,"No — the criminal record certificate is only required for applicants sponsored in the specific SOC codes listed in SW 16.1, which includes many health/education/care roles but not all occupations","No. If the Skilled Worker’s job is in a listed health occupation, the partner must provide a criminal‑record certificate (unless a satisfactory explanation is given). For a non‑listed occupation that requirement does not apply.",False,data/rulebook/skilled_worker_appendix.txt; data/rulebook/skilled_worker_appendix.txt; data/rulebook/skilled_worker_appendix.txt; data/rulebook/skilled_worker_appendix.txt; data/rulebook/skilled_worker_appendix.txt,baseline
What SOC 2020 occupation code is required for a Graduate route application?,unanswerable_trick,Not applicable — the Graduate route does not require a SOC occupation code (that's a Skilled Worker requirement),I don't know.,True,data/rulebook/skilled_worker_appendix.txt; data/rulebook/skilled_worker_appendix.txt; data/rulebook/skilled_worker_appendix.txt; data/rulebook/skilled_worker_appendix.txt; data/rulebook/skilled_worker_appendix.txt,baseline
What salary must a Graduate route applicant earn to qualify?,unanswerable_trick,Not applicable — the Graduate route has no salary threshold requirement,I don’t know.,False,data/rulebook/graduate_appendix.txt; data/rulebook/skilled_worker_appendix.txt; data/rulebook/skilled_worker_appendix.txt; data/rulebook/skilled_worker_appendix.txt; data/rulebook/graduate_appendix.txt,baseline
Which sponsor must a Graduate route applicant have a Certificate of Sponsorship from?,unanswerable_trick,Not applicable — the Graduate route is unsponsored; there is no Certificate of Sponsorship requirement,A Graduate route applicant must hold a Certificate of Sponsorship issued by their **Student sponsor – a higher‑education provider that has a track record of compliance**.,False,data/rulebook/graduate_appendix.txt; data/rulebook/skilled_worker_appendix.txt; data/rulebook/skilled_worker_appendix.txt; data/rulebook/graduate_appendix.txt; data/rulebook/skilled_worker_appendix.txt,baseline
How many years of residence are needed before a Graduate route holder can apply for settlement?,unanswerable_trick,Not applicable — the Graduate route is not a route to settlement at all,"The Graduate route does not lead to settlement, so a holder cannot apply for settlement after any period of residence.",False,data/rulebook/graduate_appendix.txt; data/rulebook/graduate_appendix.txt; data/rulebook/skilled_worker_appendix.txt; data/rulebook/skilled_worker_appendix.txt; data/rulebook/skilled_worker_appendix.txt,baseline
What is the going rate salary for a Skilled Worker sponsored in SOC code '2461 Social workers'?,unanswerable_trick,Not stated in this document — the going rate tables (Appendix Skilled Occupations) are referenced but not included in this rulebook extract,I don’t know.,False,data/rulebook/skilled_worker_appendix.txt; data/rulebook/skilled_worker_appendix.txt; data/rulebook/skilled_worker_appendix.txt; data/rulebook/skilled_worker_appendix.txt; data/rulebook/skilled_worker_appendix.txt,baseline
What is the application fee for a Skilled Worker visa?,unanswerable_trick,Not stated in this document — fee amounts are not included in the Appendix Skilled Worker rulebook extract,I don’t know.,False,data/rulebook/skilled_worker_appendix.txt; data/rulebook/skilled_worker_appendix.txt; data/rulebook/skilled_worker_appendix.txt; data/rulebook/skilled_worker_appendix.txt; data/rulebook/skilled_worker_appendix.txt,baseline
How long does it typically take to process a Skilled Worker visa application?,unanswerable_trick,Not stated in this document — processing times are not covered by the Immigration Rules text,I don't know.,True,data/rulebook/skilled_worker_appendix.txt; data/rulebook/skilled_worker_appendix.txt; data/rulebook/skilled_worker_appendix.txt; data/rulebook/skilled_worker_appendix.txt; data/rulebook/skilled_worker_appendix.txt,baseline
"Can a Skilled Worker visa holder apply for British citizenship directly, without going through settlement first?",unanswerable_trick,"Not stated in this document — citizenship requirements are governed by separate British Nationality Act rules, not the Skilled Worker appendix",I don't know.,True,data/rulebook/skilled_worker_appendix.txt; data/rulebook/skilled_worker_appendix.txt; data/rulebook/skilled_worker_appendix.txt; data/rulebook/skilled_worker_appendix.txt; data/rulebook/skilled_worker_appendix.txt,baseline
What is the Immigration Health Surcharge amount for a Skilled Worker applicant?,unanswerable_trick,"Not stated in this document — while the Immigration Health Charge is referenced as a requirement to pay, the specific amount is not included in this rulebook extract",I don't know.,True,data/rulebook/skilled_worker_appendix.txt; data/rulebook/skilled_worker_appendix.txt; data/rulebook/skilled_worker_appendix.txt; data/rulebook/skilled_worker_appendix.txt; data/rulebook/skilled_worker_appendix.txt,baseline
Does the Graduate route allow the applicant to switch into the Skilled Worker route without leaving the UK?,unanswerable_trick,Not directly stated in this document — switching rules between routes are not covered in this rulebook extract,I don’t know.,False,data/rulebook/graduate_appendix.txt; data/rulebook/graduate_appendix.txt; data/rulebook/skilled_worker_appendix.txt; data/rulebook/skilled_worker_appendix.txt; data/rulebook/skilled_worker_appendix.txt,baseline
What is the required going rate for a Skilled Worker sponsored as '2211 Generalist medical practitioner' under Option A?,unanswerable_trick,"Not stated in this document — while SW 18.1A specifically mentions this occupation code for grant period purposes, the going rate figure itself is in Appendix Skilled Occupations, not included here",I don’t know.,False,data/rulebook/skilled_worker_appendix.txt; data/rulebook/skilled_worker_appendix.txt; data/rulebook/skilled_worker_appendix.txt; data/rulebook/skilled_worker_appendix.txt; data/rulebook/skilled_worker_appendix.txt,baseline
Is a dependent partner of a Graduate route applicant allowed to work in the UK?,unanswerable_trick,"Yes — work (including self-employment and voluntary work) is permitted, except as a professional sportsperson or sports coach",I don’t know.,False,data/rulebook/graduate_appendix.txt; data/rulebook/graduate_appendix.txt; data/rulebook/graduate_appendix.txt; data/rulebook/graduate_appendix.txt; data/rulebook/skilled_worker_appendix.txt,baseline
Can a Skilled Worker applicant's sponsor charge them for the Immigration Skills Charge?,unanswerable_trick,"Not directly answered — the rulebook states the sponsor must have paid the Immigration Skills Charge in full, but doesn't state whether they can pass this cost to the applicant",No. The sponsor must pay the Immigration Skills Charge in full themselves; they cannot pass the charge on to the applicant.,False,data/rulebook/skilled_worker_appendix.txt; data/rulebook/skilled_worker_appendix.txt; data/rulebook/skilled_worker_appendix.txt; data/rulebook/skilled_worker_appendix.txt; data/rulebook/skilled_worker_appendix.txt,baseline
What happens if a Skilled Worker's sponsor loses their sponsor licence while the applicant is mid-visa?,unanswerable_trick,Not stated in this document — this scenario and its consequences are not covered in this rulebook extract,I don’t know.,False,data/rulebook/skilled_worker_appendix.txt; data/rulebook/skilled_worker_appendix.txt; data/rulebook/skilled_worker_appendix.txt; data/rulebook/skilled_worker_appendix.txt; data/rulebook/skilled_worker_appendix.txt,baseline
Does a Graduate route applicant need to pass an English language test?,unanswerable_trick,"Not stated in this document — unlike the Skilled Worker route (which explicitly requires B2/B1 English), no English language requirement is mentioned in the Graduate appendix",I don’t know.,False,data/rulebook/graduate_appendix.txt; data/rulebook/graduate_appendix.txt; data/rulebook/graduate_appendix.txt; data/rulebook/skilled_worker_appendix.txt; data/rulebook/graduate_appendix.txt,baseline
What is the maximum number of times a Skilled Worker applicant can renew their visa before needing to apply for settlement?,unanswerable_trick,Not stated in this document — this specific limit is not addressed in the rulebook extract,I don’t know.,False,data/rulebook/skilled_worker_appendix.txt; data/rulebook/skilled_worker_appendix.txt; data/rulebook/skilled_worker_appendix.txt; data/rulebook/skilled_worker_appendix.txt; data/rulebook/skilled_worker_appendix.txt,baseline
Can a Graduate route holder's dependent child attend a UK state school without additional permission?,unanswerable_trick,"Not stated in this document — study conditions cover the Graduate/dependant themselves, but school attendance for minors specifically is not addressed",I don't know.,True,data/rulebook/graduate_appendix.txt; data/rulebook/graduate_appendix.txt; data/rulebook/graduate_appendix.txt; data/rulebook/graduate_appendix.txt; data/rulebook/graduate_appendix.txt,baseline
"Under Option F of the Skilled Worker points table, what salary is required?",unanswerable_trick,"Not stated in this document — this rulebook extract covers Options A through E and K explicitly, but does not include full details for Option F",I don’t know.,False,data/rulebook/skilled_worker_appendix.txt; data/rulebook/skilled_worker_appendix.txt; data/rulebook/skilled_worker_appendix.txt; data/rulebook/skilled_worker_appendix.txt; data/rulebook/skilled_worker_appendix.txt,baseline
Is there an age limit for a Graduate route applicant?,unanswerable_trick,"Not stated in this document — unlike the Skilled Worker route (which requires the applicant to be 18+), no age requirement is mentioned for the main Graduate applicant in this rulebook extract",I don’t know.,False,data/rulebook/graduate_appendix.txt; data/rulebook/graduate_appendix.txt; data/rulebook/skilled_worker_appendix.txt; data/rulebook/graduate_appendix.txt; data/rulebook/graduate_appendix.txt,baseline
Does a Skilled Worker visa holder need to inform the Home Office if they change address?,unanswerable_trick,Not stated in this document — general reporting obligations are not covered in this rulebook extract,I don't know.,True,data/rulebook/skilled_worker_appendix.txt; data/rulebook/skilled_worker_appendix.txt; data/rulebook/skilled_worker_appendix.txt; data/rulebook/skilled_worker_appendix.txt; data/rulebook/skilled_worker_appendix.txt,baseline
What is the going rate for SOC code '2113 Physical scientists' under the transitional arrangements?,unanswerable_trick,"£27,190 (£13.94 per hour) for options F and I","The going rate for SOC 2113 Physical scientists under the transitional arrangements is **£27,190 per year** (equivalent to £13.94 per hour).",False,data/rulebook/skilled_worker_appendix.txt; data/rulebook/skilled_worker_appendix.txt; data/rulebook/skilled_worker_appendix.txt; data/rulebook/skilled_worker_appendix.txt; data/rulebook/skilled_worker_appendix.txt,baseline
Can a Skilled Worker applicant include their unmarried partner of less than 2 years as a dependant?,unanswerable_trick,"Not directly stated in this document — the rulebook references 'Appendix Relationship with Partner' for the detailed relationship requirement, but that appendix's content is not included here",I don’t know.,False,data/rulebook/skilled_worker_appendix.txt; data/rulebook/skilled_worker_appendix.txt; data/rulebook/skilled_worker_appendix.txt; data/rulebook/skilled_worker_appendix.txt; data/rulebook/skilled_worker_appendix.txt,baseline
Does a Skilled Worker on the Graduate route need an ATAS certificate to study a sensitive subject?,unanswerable_trick,This question conflates two separate routes — 'Skilled Worker on the Graduate route' is not a valid combination; each route has its own separate ATAS condition,"Yes. If the subject you want to study is covered by the ATAS requirement, you must obtain a valid ATAS certificate before you can begin the course, even while on the Graduate route.",False,data/rulebook/skilled_worker_appendix.txt; data/rulebook/graduate_appendix.txt; data/rulebook/skilled_worker_appendix.txt; data/rulebook/skilled_worker_appendix.txt; data/rulebook/skilled_worker_appendix.txt,baseline
What is the minimum salary threshold for a Graduate route applicant's dependent partner to bring their own dependent child?,unanswerable_trick,Not applicable — dependants of the Graduate route are not subject to salary thresholds; that concept only applies to the Skilled Worker route,I don’t know.,False,data/rulebook/graduate_appendix.txt; data/rulebook/skilled_worker_appendix.txt; data/rulebook/skilled_worker_appendix.txt; data/rulebook/graduate_appendix.txt; data/rulebook/skilled_worker_appendix.txt,baseline
"If a Skilled Worker's certificate of sponsorship states a start date more than 3 months after the application date, is the application still valid?",unanswerable_trick,"No — the certificate must have a start date no more than 3 months after the date of application, per SW 5.1",I don’t know.,False,data/rulebook/skilled_worker_appendix.txt; data/rulebook/skilled_worker_appendix.txt; data/rulebook/skilled_worker_appendix.txt; data/rulebook/skilled_worker_appendix.txt; data/rulebook/skilled_worker_appendix.txt,baseline
